x:in,y:out
./input/0.png,./output/0.png
./input/1.png,./output/1.png
./input/2.png,./output/2.png
./input/3.png,./output/3.png
./input/4.png,./output/4.png
./input/5.png,./output/5.png
./input/6.png,./output/6.png
./input/7.png,./output/7.png
./input/8.png,./output/8.png
./input/9.png,./output/9.png
./input/10.png,./output/10.png
./input/11.png,./output/11.png
./input/12.png,./output/12.png
./input/13.png,./output/13.png
./input/14.png,./output/14.png
./input/15.png,./output/15.png
./input/16.png,./output/16.png
./input/17.png,./output/17.png
./input/18.png,./output/18.png
./input/19.png,./output/19.png
./input/20.png,./output/20.png
./input/21.png,./output/21.png
./input/22.png,./output/22.png
./input/23.png,./output/23.png
./input/24.png,./output/24.png
./input/25.png,./output/25.png
./input/26.png,./output/26.png
./input/27.png,./output/27.png
./input/28.png,./output/28.png
./input/29.png,./output/29.png
./input/30.png,./output/30.png
./input/31.png,./output/31.png
./input/32.png,./output/32.png
./input/33.png,./output/33.png
./input/34.png,./output/34.png
./input/35.png,./output/35.png
./input/36.png,./output/36.png
./input/37.png,./output/37.png
./input/38.png,./output/38.png
./input/39.png,./output/39.png
./input/40.png,./output/40.png
./input/41.png,./output/41.png
./input/42.png,./output/42.png
./input/43.png,./output/43.png
./input/44.png,./output/44.png
./input/45.png,./output/45.png
./input/46.png,./output/46.png
./input/47.png,./output/47.png
./input/48.png,./output/48.png
./input/49.png,./output/49.png
./input/50.png,./output/50.png
./input/51.png,./output/51.png
./input/52.png,./output/52.png
./input/53.png,./output/53.png
./input/54.png,./output/54.png
./input/55.png,./output/55.png
./input/56.png,./output/56.png
./input/57.png,./output/57.png
./input/58.png,./output/58.png
./input/59.png,./output/59.png
./input/60.png,./output/60.png
./input/61.png,./output/61.png
./input/62.png,./output/62.png
./input/63.png,./output/63.png
./input/64.png,./output/64.png
./input/65.png,./output/65.png
./input/66.png,./output/66.png
./input/67.png,./output/67.png
./input/68.png,./output/68.png
./input/69.png,./output/69.png
./input/70.png,./output/70.png
./input/71.png,./output/71.png
./input/72.png,./output/72.png
./input/73.png,./output/73.png
./input/74.png,./output/74.png
./input/75.png,./output/75.png
./input/76.png,./output/76.png
./input/77.png,./output/77.png
./input/78.png,./output/78.png
./input/79.png,./output/79.png
./input/80.png,./output/80.png
./input/81.png,./output/81.png
./input/82.png,./output/82.png
./input/83.png,./output/83.png
./input/84.png,./output/84.png
./input/85.png,./output/85.png
./input/86.png,./output/86.png
./input/87.png,./output/87.png
./input/88.png,./output/88.png
./input/89.png,./output/89.png
./input/90.png,./output/90.png
./input/91.png,./output/91.png
./input/92.png,./output/92.png
./input/93.png,./output/93.png
./input/94.png,./output/94.png
./input/95.png,./output/95.png
./input/96.png,./output/96.png
./input/97.png,./output/97.png
./input/98.png,./output/98.png
./input/99.png,./output/99.png
./input/100.png,./output/100.png
./input/101.png,./output/101.png
./input/102.png,./output/102.png
./input/103.png,./output/103.png
./input/104.png,./output/104.png
./input/105.png,./output/105.png
./input/106.png,./output/106.png
./input/107.png,./output/107.png
./input/108.png,./output/108.png
./input/109.png,./output/109.png
./input/110.png,./output/110.png
./input/111.png,./output/111.png
./input/112.png,./output/112.png
./input/113.png,./output/113.png
./input/114.png,./output/114.png
./input/115.png,./output/115.png
./input/116.png,./output/116.png
./input/117.png,./output/117.png
./input/118.png,./output/118.png
./input/119.png,./output/119.png
./input/120.png,./output/120.png
./input/121.png,./output/121.png
./input/122.png,./output/122.png
./input/123.png,./output/123.png
./input/124.png,./output/124.png
./input/125.png,./output/125.png
./input/126.png,./output/126.png
./input/127.png,./output/127.png
./input/128.png,./output/128.png
./input/129.png,./output/129.png
./input/130.png,./output/130.png
./input/131.png,./output/131.png
./input/132.png,./output/132.png
./input/133.png,./output/133.png
./input/134.png,./output/134.png
./input/135.png,./output/135.png
./input/136.png,./output/136.png
./input/137.png,./output/137.png
./input/138.png,./output/138.png
./input/139.png,./output/139.png
./input/140.png,./output/140.png
./input/141.png,./output/141.png
./input/142.png,./output/142.png
./input/143.png,./output/143.png
./input/144.png,./output/144.png
./input/145.png,./output/145.png
./input/146.png,./output/146.png
./input/147.png,./output/147.png
./input/148.png,./output/148.png
./input/149.png,./output/149.png
./input/150.png,./output/150.png
./input/151.png,./output/151.png
./input/152.png,./output/152.png
./input/153.png,./output/153.png
./input/154.png,./output/154.png
./input/155.png,./output/155.png
./input/156.png,./output/156.png
./input/157.png,./output/157.png
./input/158.png,./output/158.png
./input/159.png,./output/159.png
./input/160.png,./output/160.png
./input/161.png,./output/161.png
./input/162.png,./output/162.png
./input/163.png,./output/163.png
./input/164.png,./output/164.png
./input/165.png,./output/165.png
./input/166.png,./output/166.png
./input/167.png,./output/167.png
./input/168.png,./output/168.png
./input/169.png,./output/169.png
./input/170.png,./output/170.png
./input/171.png,./output/171.png
./input/172.png,./output/172.png
./input/173.png,./output/173.png
./input/174.png,./output/174.png
./input/175.png,./output/175.png
./input/176.png,./output/176.png
./input/177.png,./output/177.png
./input/178.png,./output/178.png
./input/179.png,./output/179.png
./input/180.png,./output/180.png
./input/181.png,./output/181.png
./input/182.png,./output/182.png
./input/183.png,./output/183.png
./input/184.png,./output/184.png
./input/185.png,./output/185.png
./input/186.png,./output/186.png
./input/187.png,./output/187.png
./input/188.png,./output/188.png
./input/189.png,./output/189.png
./input/190.png,./output/190.png
./input/191.png,./output/191.png
./input/192.png,./output/192.png
./input/193.png,./output/193.png
./input/194.png,./output/194.png
./input/195.png,./output/195.png
./input/196.png,./output/196.png
./input/197.png,./output/197.png
./input/198.png,./output/198.png
./input/199.png,./output/199.png
./input/200.png,./output/200.png
./input/201.png,./output/201.png
./input/202.png,./output/202.png
./input/203.png,./output/203.png
./input/204.png,./output/204.png
./input/205.png,./output/205.png
./input/206.png,./output/206.png
./input/207.png,./output/207.png
./input/208.png,./output/208.png
./input/209.png,./output/209.png
./input/210.png,./output/210.png
./input/211.png,./output/211.png
./input/212.png,./output/212.png
./input/213.png,./output/213.png
./input/214.png,./output/214.png
./input/215.png,./output/215.png
./input/216.png,./output/216.png
./input/217.png,./output/217.png
./input/218.png,./output/218.png
./input/219.png,./output/219.png
./input/220.png,./output/220.png
./input/221.png,./output/221.png
./input/222.png,./output/222.png
./input/223.png,./output/223.png
./input/224.png,./output/224.png
./input/225.png,./output/225.png
./input/226.png,./output/226.png
./input/227.png,./output/227.png
./input/228.png,./output/228.png
./input/229.png,./output/229.png
./input/230.png,./output/230.png
./input/231.png,./output/231.png
./input/232.png,./output/232.png
./input/233.png,./output/233.png
./input/234.png,./output/234.png
./input/235.png,./output/235.png
./input/236.png,./output/236.png
./input/237.png,./output/237.png
./input/238.png,./output/238.png
./input/239.png,./output/239.png
./input/240.png,./output/240.png
./input/241.png,./output/241.png
./input/242.png,./output/242.png
./input/243.png,./output/243.png
./input/244.png,./output/244.png
./input/245.png,./output/245.png
./input/246.png,./output/246.png
./input/247.png,./output/247.png
./input/248.png,./output/248.png
./input/249.png,./output/249.png
./input/250.png,./output/250.png
./input/251.png,./output/251.png
./input/252.png,./output/252.png
./input/253.png,./output/253.png
./input/254.png,./output/254.png
./input/255.png,./output/255.png
./input/256.png,./output/256.png
./input/257.png,./output/257.png
./input/258.png,./output/258.png
./input/259.png,./output/259.png
./input/260.png,./output/260.png
./input/261.png,./output/261.png
./input/262.png,./output/262.png
./input/263.png,./output/263.png
./input/264.png,./output/264.png
./input/265.png,./output/265.png
./input/266.png,./output/266.png
./input/267.png,./output/267.png
./input/268.png,./output/268.png
./input/269.png,./output/269.png
./input/270.png,./output/270.png
./input/271.png,./output/271.png
./input/272.png,./output/272.png
./input/273.png,./output/273.png
./input/274.png,./output/274.png
./input/275.png,./output/275.png
./input/276.png,./output/276.png
./input/277.png,./output/277.png
./input/278.png,./output/278.png
./input/279.png,./output/279.png
./input/280.png,./output/280.png
./input/281.png,./output/281.png
./input/282.png,./output/282.png
./input/283.png,./output/283.png
./input/284.png,./output/284.png
./input/285.png,./output/285.png
./input/286.png,./output/286.png
./input/287.png,./output/287.png
./input/288.png,./output/288.png
./input/289.png,./output/289.png
./input/290.png,./output/290.png
./input/291.png,./output/291.png
./input/292.png,./output/292.png
./input/293.png,./output/293.png
./input/294.png,./output/294.png
./input/295.png,./output/295.png
./input/296.png,./output/296.png
./input/297.png,./output/297.png
./input/298.png,./output/298.png
./input/299.png,./output/299.png
./input/300.png,./output/300.png
./input/301.png,./output/301.png
./input/302.png,./output/302.png
./input/303.png,./output/303.png
./input/304.png,./output/304.png
./input/305.png,./output/305.png
./input/306.png,./output/306.png
./input/307.png,./output/307.png
./input/308.png,./output/308.png
./input/309.png,./output/309.png
./input/310.png,./output/310.png
./input/311.png,./output/311.png
./input/312.png,./output/312.png
./input/313.png,./output/313.png
./input/314.png,./output/314.png
./input/315.png,./output/315.png
./input/316.png,./output/316.png
./input/317.png,./output/317.png
./input/318.png,./output/318.png
./input/319.png,./output/319.png
./input/320.png,./output/320.png
./input/321.png,./output/321.png
./input/322.png,./output/322.png
./input/323.png,./output/323.png
./input/324.png,./output/324.png
./input/325.png,./output/325.png
./input/326.png,./output/326.png
./input/327.png,./output/327.png
./input/328.png,./output/328.png
./input/329.png,./output/329.png
./input/330.png,./output/330.png
./input/331.png,./output/331.png
./input/332.png,./output/332.png
./input/333.png,./output/333.png
./input/334.png,./output/334.png
./input/335.png,./output/335.png
./input/336.png,./output/336.png
./input/337.png,./output/337.png
./input/338.png,./output/338.png
./input/339.png,./output/339.png
./input/340.png,./output/340.png
./input/341.png,./output/341.png
./input/342.png,./output/342.png
./input/343.png,./output/343.png
./input/344.png,./output/344.png
./input/345.png,./output/345.png
./input/346.png,./output/346.png
./input/347.png,./output/347.png
./input/348.png,./output/348.png
./input/349.png,./output/349.png
./input/350.png,./output/350.png
./input/351.png,./output/351.png
./input/352.png,./output/352.png
./input/353.png,./output/353.png
./input/354.png,./output/354.png
./input/355.png,./output/355.png
./input/356.png,./output/356.png
./input/357.png,./output/357.png
./input/358.png,./output/358.png
./input/359.png,./output/359.png
./input/360.png,./output/360.png
./input/361.png,./output/361.png
./input/362.png,./output/362.png
./input/363.png,./output/363.png
./input/364.png,./output/364.png
./input/365.png,./output/365.png
./input/366.png,./output/366.png
./input/367.png,./output/367.png
./input/368.png,./output/368.png
./input/369.png,./output/369.png
./input/370.png,./output/370.png
./input/371.png,./output/371.png
./input/372.png,./output/372.png
./input/373.png,./output/373.png
./input/374.png,./output/374.png
./input/375.png,./output/375.png
./input/376.png,./output/376.png
./input/377.png,./output/377.png
./input/378.png,./output/378.png
./input/379.png,./output/379.png
./input/380.png,./output/380.png
./input/381.png,./output/381.png
./input/382.png,./output/382.png
./input/383.png,./output/383.png
./input/384.png,./output/384.png
./input/385.png,./output/385.png
./input/386.png,./output/386.png
./input/387.png,./output/387.png
./input/388.png,./output/388.png
./input/389.png,./output/389.png
./input/390.png,./output/390.png
./input/391.png,./output/391.png
./input/392.png,./output/392.png
./input/393.png,./output/393.png
./input/394.png,./output/394.png
./input/395.png,./output/395.png
./input/396.png,./output/396.png
./input/397.png,./output/397.png
./input/398.png,./output/398.png
./input/399.png,./output/399.png
./input/400.png,./output/400.png
./input/401.png,./output/401.png
./input/402.png,./output/402.png
./input/403.png,./output/403.png
./input/404.png,./output/404.png
./input/405.png,./output/405.png
./input/406.png,./output/406.png
./input/407.png,./output/407.png
./input/408.png,./output/408.png
./input/409.png,./output/409.png
./input/410.png,./output/410.png
./input/411.png,./output/411.png
./input/412.png,./output/412.png
./input/413.png,./output/413.png
./input/414.png,./output/414.png
./input/415.png,./output/415.png
./input/416.png,./output/416.png
./input/417.png,./output/417.png
./input/418.png,./output/418.png
./input/419.png,./output/419.png
./input/420.png,./output/420.png
./input/421.png,./output/421.png
./input/422.png,./output/422.png
./input/423.png,./output/423.png
./input/424.png,./output/424.png
./input/425.png,./output/425.png
./input/426.png,./output/426.png
./input/427.png,./output/427.png
./input/428.png,./output/428.png
./input/429.png,./output/429.png
./input/430.png,./output/430.png
./input/431.png,./output/431.png
./input/432.png,./output/432.png
./input/433.png,./output/433.png
./input/434.png,./output/434.png
./input/435.png,./output/435.png
./input/436.png,./output/436.png
./input/437.png,./output/437.png
./input/438.png,./output/438.png
./input/439.png,./output/439.png
./input/440.png,./output/440.png
./input/441.png,./output/441.png
./input/442.png,./output/442.png
./input/443.png,./output/443.png
./input/444.png,./output/444.png
./input/445.png,./output/445.png
./input/446.png,./output/446.png
./input/447.png,./output/447.png
./input/448.png,./output/448.png
./input/449.png,./output/449.png
./input/450.png,./output/450.png
./input/451.png,./output/451.png
./input/452.png,./output/452.png
./input/453.png,./output/453.png
./input/454.png,./output/454.png
./input/455.png,./output/455.png
./input/456.png,./output/456.png
./input/457.png,./output/457.png
./input/458.png,./output/458.png
./input/459.png,./output/459.png
./input/460.png,./output/460.png
./input/461.png,./output/461.png
./input/462.png,./output/462.png
./input/463.png,./output/463.png
./input/464.png,./output/464.png
./input/465.png,./output/465.png
./input/466.png,./output/466.png
./input/467.png,./output/467.png
./input/468.png,./output/468.png
./input/469.png,./output/469.png
./input/470.png,./output/470.png
./input/471.png,./output/471.png
./input/472.png,./output/472.png
./input/473.png,./output/473.png
./input/474.png,./output/474.png
./input/475.png,./output/475.png
./input/476.png,./output/476.png
./input/477.png,./output/477.png
./input/478.png,./output/478.png
./input/479.png,./output/479.png
./input/480.png,./output/480.png
./input/481.png,./output/481.png
./input/482.png,./output/482.png
./input/483.png,./output/483.png
./input/484.png,./output/484.png
./input/485.png,./output/485.png
./input/486.png,./output/486.png
./input/487.png,./output/487.png
./input/488.png,./output/488.png
./input/489.png,./output/489.png
./input/490.png,./output/490.png
./input/491.png,./output/491.png
./input/492.png,./output/492.png
./input/493.png,./output/493.png
./input/494.png,./output/494.png
./input/495.png,./output/495.png
./input/496.png,./output/496.png
./input/497.png,./output/497.png
./input/498.png,./output/498.png
./input/499.png,./output/499.png
./input/500.png,./output/500.png
./input/501.png,./output/501.png
./input/502.png,./output/502.png
./input/503.png,./output/503.png
./input/504.png,./output/504.png
./input/505.png,./output/505.png
./input/506.png,./output/506.png
./input/507.png,./output/507.png
./input/508.png,./output/508.png
./input/509.png,./output/509.png
./input/510.png,./output/510.png
./input/511.png,./output/511.png
./input/512.png,./output/512.png
./input/513.png,./output/513.png
./input/514.png,./output/514.png
./input/515.png,./output/515.png
./input/516.png,./output/516.png
./input/517.png,./output/517.png
./input/518.png,./output/518.png
./input/519.png,./output/519.png
./input/520.png,./output/520.png
./input/521.png,./output/521.png
./input/522.png,./output/522.png
./input/523.png,./output/523.png
./input/524.png,./output/524.png
./input/525.png,./output/525.png
./input/526.png,./output/526.png
./input/527.png,./output/527.png
./input/528.png,./output/528.png
./input/529.png,./output/529.png
./input/530.png,./output/530.png
./input/531.png,./output/531.png
./input/532.png,./output/532.png
./input/533.png,./output/533.png
./input/534.png,./output/534.png
./input/535.png,./output/535.png
./input/536.png,./output/536.png
./input/537.png,./output/537.png
./input/538.png,./output/538.png
./input/539.png,./output/539.png
./input/540.png,./output/540.png
./input/541.png,./output/541.png
./input/542.png,./output/542.png
./input/543.png,./output/543.png
./input/544.png,./output/544.png
./input/545.png,./output/545.png
./input/546.png,./output/546.png
./input/547.png,./output/547.png
./input/548.png,./output/548.png
./input/549.png,./output/549.png
./input/550.png,./output/550.png
./input/551.png,./output/551.png
./input/552.png,./output/552.png
./input/553.png,./output/553.png
./input/554.png,./output/554.png
./input/555.png,./output/555.png
./input/556.png,./output/556.png
./input/557.png,./output/557.png
./input/558.png,./output/558.png
./input/559.png,./output/559.png
./input/560.png,./output/560.png
./input/561.png,./output/561.png
./input/562.png,./output/562.png
./input/563.png,./output/563.png
./input/564.png,./output/564.png
./input/565.png,./output/565.png
./input/566.png,./output/566.png
./input/567.png,./output/567.png
./input/568.png,./output/568.png
./input/569.png,./output/569.png
./input/570.png,./output/570.png
./input/571.png,./output/571.png
./input/572.png,./output/572.png
./input/573.png,./output/573.png
./input/574.png,./output/574.png
./input/575.png,./output/575.png
./input/576.png,./output/576.png
./input/577.png,./output/577.png
./input/578.png,./output/578.png
./input/579.png,./output/579.png
./input/580.png,./output/580.png
./input/581.png,./output/581.png
./input/582.png,./output/582.png
./input/583.png,./output/583.png
./input/584.png,./output/584.png
./input/585.png,./output/585.png
./input/586.png,./output/586.png
./input/587.png,./output/587.png
./input/588.png,./output/588.png
./input/589.png,./output/589.png
./input/590.png,./output/590.png
./input/591.png,./output/591.png
./input/592.png,./output/592.png
./input/593.png,./output/593.png
./input/594.png,./output/594.png
./input/595.png,./output/595.png
./input/596.png,./output/596.png
./input/597.png,./output/597.png
./input/598.png,./output/598.png
./input/599.png,./output/599.png
